rating_id,rated_user_id,rater_user_id,rating_value,review,rating_date
1,35,7,4.0,Pick artist candidate stay build. Particularly law rather great happy.,2024-05-28
2,80,46,1.7,Street bring performance somebody. Front officer body recognize power budget week.,2024-05-13
3,51,58,2.0,Nation time spend light rate especially ready industry.,2024-05-21
4,63,23,4.2,Author idea as professor establish. Treat deal see country page unit late nor.,2024-03-24
5,56,2,2.4,Join music dog do price. This other modern when.,2024-02-09
6,87,82,4.2,Seven hospital hour fact somebody girl brother. Positive all guy religious Mrs already.,2024-05-18
7,58,66,1.2,Authority maybe for contain window within. None position black fine again face.,2024-04-17
8,68,42,1.8,Call information mouth career whose necessary. Final build art case.,2024-02-13
9,23,30,4.7,Eye challenge decision money probably light.,2024-08-26
10,14,20,1.6,Kid than safe still. Actually low choice quality cultural. Success ability mind agency read middle.,2024-01-20
11,78,2,3.0,Best nation stuff rock they nation. Include stop seat full family.,2024-06-26
12,34,17,4.8,Certainly government Congress very environment trip. System prove manager top.,2024-06-30
13,91,54,3.3,Recently magazine skill fund. Loss member go card.,2024-09-22
14,3,64,1.8,Leave report agent other. School personal fund night.,2024-06-06
15,58,38,3.9,Peace himself pull capital bar. Start pick debate worry east.,2024-05-06
16,71,84,1.0,Away answer know near. Carry alone catch raise white American. Task perform hope phone.,2024-08-25
17,38,3,4.3,Evidence reveal soldier gun resource concern teach condition. More beyond require listen explain.,2024-09-07
18,61,2,4.1,To again significant trip less. Key help up factor morning husband daughter.,2024-01-30
19,46,64,4.1,Pay present fund. Process room north recent.,2024-05-28
20,80,96,4.2,Government federal into standard. Surface tree show control drive. Guess Democrat color.,2024-09-01
21,61,21,2.7,Painting four thousand tough some draw my law. Election over strategy stay drug.,2024-01-21
22,50,42,3.5,Nation situation forget realize end world. All lot society scientist traditional job.,2024-03-22
23,50,84,3.8,Character federal answer main. Meet maintain rather must certainly from add should.,2024-05-12
24,5,90,2.0,Write likely ever weight head always modern long. Election catch development wonder provide.,2024-06-14
25,100,90,3.3,Far wait care line personal. Try under voice moment. American low party deep.,2024-03-11
26,19,8,1.6,Best move fire wind room fear friend method. Want ok two body ask end mouth exist.,2024-04-06
27,26,33,1.4,Pressure example sit view. Seek push five family mean history agent north.,2024-10-15
28,6,80,3.1,Hit area people its. Environmental resource probably wide month.,2024-06-26
29,59,31,3.7,And affect decide read much family. Than public heart letter.,2024-08-13
30,45,41,2.7,Mind card what paper someone. Memory pattern maintain federal machine individual such.,2024-10-13
31,92,76,1.1,Team try true all director listen ok.,2024-07-15
32,32,69,2.4,Pretty white image bill beyond her case. Vote kid case support. Whose ready travel case I test.,2024-08-15
33,26,20,1.2,Chair weight rate. Air word order another PM quality. Thank white necessary sometimes.,2024-06-25
34,74,20,1.6,Against boy save million red court TV. Term exist keep gas. Itself top sell bring front western.,2024-08-10
35,77,70,4.8,Deep law key picture pull nice. Beyond color star southern market spend first.,2024-09-27
36,86,13,1.3,Sister push boy friend. Identify film test country.,2024-04-22
37,43,45,2.1,Follow usually stop up former eat.,2024-03-24
38,67,43,1.1,Cold something require both use. Provide in safe. With exist room responsibility.,2024-04-27
39,83,36,3.1,Building start during somebody part enter.,2024-08-14
40,67,34,4.9,Represent change floor phone foot scientist ability remember.,2024-06-30
41,29,7,4.3,Improve response party leader. Surface room everyone assume team Democrat get.,2024-09-02
42,9,87,5.0,Like speech my. Thus check give about girl stand put.,2024-01-27
43,12,46,4.3,Pm attack meeting. Boy fund argue place national property hair.,2024-06-19
44,68,23,3.8,Natural mission piece newspaper cultural management between. Single color big bad.,2024-01-27
45,9,40,2.5,"Cultural decision road lot.
Crime peace wrong. Because happen later measure.",2024-06-07
46,75,65,4.3,Decide often notice everything huge citizen. Process must make.,2024-02-16
47,39,87,2.9,Nature perhaps score accept end. Summer coach board central.,2024-09-21
48,36,71,3.6,Close bag deep clear two teach like. Far moment skill determine study. Least lot week.,2024-10-17
49,53,84,2.7,Street lot own total difficult science. Decide allow pay middle couple station mention.,2024-04-23
50,69,46,4.8,Hit southern quality outside capital night.,2024-09-13
51,83,73,2.1,Amount off expert manager game. Upon kid begin various until.,2024-04-12
52,80,53,2.2,Report decide improve media. Race west minute whether box practice. Fast sort art trade teach.,2024-03-11
53,52,36,3.3,Own create able conference gun seven. Trouble of tell among benefit. Raise lay specific along.,2024-08-06
54,49,48,4.4,Our this pretty. Glass often would listen fight radio ask deal. Fast stuff watch issue.,2024-06-20
55,32,25,2.1,Brother surface old physical which.,2024-09-17
56,15,70,1.4,Compare training onto owner approach. Use three movement street difference realize.,2024-05-02
57,43,100,3.0,Meeting animal want usually step across nice. Try day theory evidence newspaper impact.,2024-04-04
58,99,71,4.4,Stage would structure affect never than.,2024-03-22
59,65,58,4.7,Free be TV leg situation. Process new civil red.,2024-06-17
60,68,68,3.1,Girl teach hot base share between provide. Central have public modern standard.,2024-10-14
61,97,9,1.2,Sort democratic enough. Herself future station week population.,2024-03-25
62,88,71,4.8,Stop from recent weight power. Those collection imagine forward reveal yet.,2024-10-13
63,62,79,1.8,Specific debate keep charge position.,2024-04-07
64,15,73,1.9,Next discussion energy senior happen actually marriage. Project pass go strong southern write stay.,2024-03-09
65,54,21,3.3,Lay rise answer. Candidate state central play message least idea.,2024-10-08
66,28,76,4.1,Similar anything production phone mother whom cost. Market minute put energy tough hear.,2024-03-26
67,36,58,4.4,Education answer something camera.,2024-05-02
68,95,9,2.0,Fish statement thought. Full air interview wall. Employee voice fall skin arm current positive.,2024-03-13
69,3,38,3.0,Player stage score ever not. Second current resource new tend treat. Ok over population building.,2024-06-08
70,97,28,1.6,Way certainly between. Him ability out usually. Tonight face forward Democrat sit continue.,2024-03-24
71,83,55,3.7,Center home up step. Feel choose yeah stay.,2024-01-16
72,46,4,1.7,However story deep admit expert few.,2024-03-21
73,68,23,1.0,He style help management work quality nation. Race could address store.,2024-04-07
74,17,26,3.9,Throughout carry time yard several interview.,2024-02-26
75,30,22,2.0,Foot drive where. Seven cut structure price. Turn themselves edge magazine above.,2024-07-30
76,28,39,4.2,Building born low. Bring recent require east. Hot best decision claim add action.,2024-09-04
77,73,11,1.3,Item here among service. Around war recently lawyer fly.,2024-01-24
78,71,95,2.0,Professional when know turn like public. Hand risk data color laugh.,2024-09-26
79,8,86,4.2,Later Democrat field teach spring. Serve teacher return eye. Sing trade contain.,2024-04-16
80,47,64,1.4,Service report since. Lay claim second money small class.,2024-06-17
81,33,58,2.9,Government father position throw interest. Republican to question name Congress.,2024-02-14
82,84,26,1.1,Music attention quality fish should. Chance performance note yes.,2024-07-17
83,91,30,4.3,Several campaign conference base. Region use gas style painting man professor.,2024-07-13
84,28,47,2.1,Moment seek find mean poor along. Build have those nation.,2024-09-08
85,88,64,3.7,Laugh usually car perform. Tax power too knowledge sister treat cold read.,2024-07-12
86,5,47,1.7,American each land somebody style be concern way.,2024-09-19
87,62,53,3.2,Fish edge act establish unit. Others owner tax although chance message.,2024-01-20
88,53,32,1.5,Left else method high president never reach hit. Explain heart particular it.,2024-08-22
89,79,47,3.7,Use figure under such great once. Image physical write plant the run easy.,2024-03-17
90,40,21,1.5,Behind picture avoid note administration.,2024-08-19
91,45,85,2.6,Change green some use. Pressure kind argue where whom see wish mean.,2024-07-22
92,82,34,1.8,"Pay amount environmental black.
Fear their culture challenge. If along task.",2024-05-02
93,25,46,2.7,Shoulder support Democrat store. Color represent customer water.,2024-02-18
94,68,21,4.5,Budget culture food. Tell nature close director.,2024-07-31
95,92,38,1.7,There clear any operation. Reach must mother choose. Half various key mother letter role.,2024-08-25
96,11,88,3.1,Add magazine watch cause top population let. Beyond ahead out evening. Policy well federal agree.,2024-06-02
97,15,16,2.6,Blood fly always worker. With cut three account.,2024-02-17
98,95,3,1.6,Pattern up score who during beautiful. On with walk. Let music hand style heart my husband.,2024-07-01
99,22,21,1.3,Office help support power.,2024-04-24
100,50,52,4.0,Audience sometimes treat event. Ball some tough model election.,2024-10-03
